user_sn,Group,total_actions,unique_videos,actions_per_video,Cluster,Cluster_Label,PC1,PC2
170651,Group 1 (Initial),629.0,36.0,17.47222222222222,0,Medium (中活躍),1.397863462450566,1.3634201343208967
60826,Group 1 (Initial),628.0,8.0,78.5,1,Low (低活躍),1.945051964131182,-0.75129953467558
70353,Group 1 (Initial),0.0,0.0,0.0,1,Low (低活躍),-0.4360896121782192,-0.5790525785755595
230014,Group 1 (Initial),299.0,27.0,11.074074074074074,0,Medium (中活躍),0.6353575492909928,0.9119398931667938
75161,Group 1 (Initial),0.0,0.0,0.0,1,Low (低活躍),-0.4360896121782192,-0.5790525785755595
14640,Group 1 (Initial),396.0,48.0,8.25,0,Medium (中活躍),1.070877789285901,2.170909540327149
178025,Group 1 (Initial),96.0,7.0,13.714285714285714,1,Low (低活躍),0.0461337925557662,-0.2744316335500195
75076,Group 1 (Initial),783.0,17.0,46.05882352941177,0,Medium (中活躍),1.8044819396413796,0.005736539239687
75860,Group 1 (Initial),0.0,0.0,0.0,1,Low (低活躍),-0.4360896121782192,-0.5790525785755595
252091,Group 1 (Initial),307.0,39.0,7.871794871794871,0,Medium (中活躍),0.7840752582680615,1.648320102112368
116465,Group 1 (Initial),567.0,57.0,9.947368421052632,0,Medium (中活躍),1.507741735607229,2.674675435963897
51708,Group 1 (Initial),703.0,35.0,20.085714285714285,0,Medium (中活躍),1.5406434642960811,1.2764766520588442
241854,Group 1 (Initial),462.0,28.0,16.5,0,Medium (中活躍),0.9946744782439698,0.9133411804729876
172421,Group 1 (Initial),203.0,24.0,8.458333333333334,0,Medium (中活躍),0.395350609983684,0.7634502576240999
115966,Group 1 (Initial),217.0,21.0,10.333333333333334,1,Low (低活躍),0.4006700011225149,0.5696633641739778
242339,Group 1 (Initial),15.0,4.0,3.75,1,Low (低活躍),-0.2892170547851145,-0.370451282622061
25068,Group 1 (Initial),1741.0,25.0,69.64,0,Medium (中活躍),3.815122723256705,0.2014243098205352
87061,Group 1 (Initial),546.0,13.0,42.0,1,Low (低活躍),1.3041297631996196,-0.1759383170887523
80905,Group 1 (Initial),293.0,17.0,17.235294117647058,1,Low (低活躍),0.5689793036167902,0.2724858362701335
116516,Group 1 (Initial),214.0,16.0,13.375,1,Low (低活躍),0.3668508245307312,0.2502232255386099
124649,Group 1 (Initial),9.0,2.0,4.5,1,Low (低活躍),-0.3178295690944436,-0.4942564723714273
51872,Group 1 (Initial),471.0,30.0,15.7,0,Medium (中活躍),1.0271872894946643,1.0371815858655544
229604,Group 1 (Initial),16.0,2.0,8.0,1,Low (低活躍),-0.2502158280935892,-0.5208177394048727
228685,Group 1 (Initial),5.0,1.0,5.0,1,Low (低活躍),-0.3316832302392644,-0.5569688810917207
29165,Group 1 (Initial),2472.0,21.0,117.71428571428572,0,Medium (中活躍),5.67773022368274,-0.4717961999448837
76668,Group 1 (Initial),0.0,0.0,0.0,1,Low (低活躍),-0.4360896121782192,-0.5790525785755595
70254,Group 1 (Initial),0.0,0.0,0.0,1,Low (低活躍),-0.4360896121782192,-0.5790525785755595
73300,Group 1 (Initial),217.0,12.0,18.08333333333333,1,Low (低活躍),0.3850786976169008,-0.0226880948686497
24756,Group 1 (Initial),340.0,14.0,24.285714285714285,1,Low (低活躍),0.7098319479961229,0.036908009608137
52740,Group 1 (Initial),524.0,25.0,20.96,0,Medium (中活躍),1.1171635977569068,0.6951809537757974
183701,Group 1 (Initial),0.0,0.0,0.0,1,Low (低活躍),-0.4360896121782192,-0.5790525785755595
72960,Group 1 (Initial),0.0,0.0,0.0,1,Low (低活躍),-0.4360896121782192,-0.5790525785755595
20357,Group 1 (Initial),238.0,26.0,9.153846153846152,0,Medium (中活躍),0.4928722623345498,0.8733863470842965
87936,Group 1 (Initial),0.0,0.0,0.0,1,Low (低活躍),-0.4360896121782192,-0.5790525785755595
79490,Group 1 (Initial),506.0,22.0,23.0,0,Medium (中活躍),1.074920658554158,0.503731882810986
73033,Group 1 (Initial),0.0,0.0,0.0,1,Low (低活躍),-0.4360896121782192,-0.5790525785755595
80778,Group 1 (Initial),38.0,5.0,7.6,1,Low (低活躍),-0.1751608057372354,-0.3418944697110637
14106,Group 1 (Initial),1185.0,12.0,98.75,0,Medium (中活躍),3.209674895875237,-0.7244361545193627
183581,Group 1 (Initial),17.0,2.0,8.5,1,Low (低活躍),-0.2405567222363243,-0.5246122061239363
79645,Group 1 (Initial),324.0,22.0,14.727272727272728,0,Medium (中活躍),0.6553850214874126,0.5848855073019142
169901,Group 1 (Initial),888.0,34.0,26.11764705882353,0,Medium (中活躍),1.9129710957884136,1.1520243419305212
29204,Group 1 (Initial),445.0,27.0,16.48148148148148,0,Medium (中活躍),0.9520251728977004,0.8558921688074944
79756,Group 1 (Initial),54.0,4.0,13.5,1,Low (低活躍),-0.0702544754786774,-0.44660870785663
242347,Group 1 (Initial),247.0,23.0,10.73913043478261,0,Medium (中活躍),0.4856557012916738,0.6822889568981007
88384,Group 1 (Initial),0.0,0.0,0.0,1,Low (低活躍),-0.4360896121782192,-0.5790525785755595
65352,Group 1 (Initial),91.0,11.0,8.272727272727273,1,Low (低活躍),0.0129037848290794,0.00410332997642
52418,Group 1 (Initial),660.0,17.0,38.8235294117647,0,Medium (中活躍),1.4943455636596967,0.0726960566575338
163235,Group 1 (Initial),1886.0,21.0,89.80952380952381,0,Medium (中活躍),4.306396613740261,-0.2011552666527981
89055,Group 1 (Initial),324.0,15.0,21.6,1,Low (低活躍),0.6569286559112665,0.1179430905639518
60833,Group 1 (Initial),673.0,50.0,13.46,0,Medium (中活躍),1.6213162151296192,2.22071585616684
237057,Group 1 (Initial),403.0,19.0,21.210526315789476,1,Low (低活躍),0.8372934545229982,0.3499325585801841
78703,Group 1 (Initial),383.0,20.0,19.15,0,Medium (中活躍),0.7882259279642818,0.4268061432945886
76260,Group 1 (Initial),0.0,0.0,0.0,1,Low (低活躍),-0.4360896121782192,-0.5790525785755595
94098,Group 1 (Initial),495.0,41.0,12.073170731707316,0,Medium (中活躍),1.178488185192482,1.7154395613843667
116958,Group 1 (Initial),18.0,1.0,18.0,1,Low (低活躍),-0.1009531546768908,-0.6541814663121563
90284,Group 1 (Initial),450.0,68.0,6.617647058823529,0,Medium (中活躍),1.4425155025501082,3.366401622123468
126435,Group 1 (Initial),1195.0,32.0,37.34375,0,Medium (中活躍),2.545178534751509,0.9162870550436488
75616,Group 1 (Initial),0.0,0.0,0.0,1,Low (低活躍),-0.4360896121782192,-0.5790525785755595
165940,Group 1 (Initial),0.0,0.0,0.0,1,Low (低活躍),-0.4360896121782192,-0.5790525785755595
29075,Group 1 (Initial),243.0,20.0,12.15,1,Low (低活躍),0.4552106561517434,0.4939200030443691
2663,Group 1 (Initial),749.0,77.0,9.727272727272728,0,Medium (中活躍),2.103155246201962,3.845550221788264
239474,Group 1 (Initial),26.0,7.0,3.7142857142857135,1,Low (低活躍),-0.2255355427684326,-0.1929901858025208
175867,Group 1 (Initial),0.0,0.0,0.0,1,Low (低活躍),-0.4360896121782192,-0.5790525785755595
180013,Group 1 (Initial),865.0,36.0,24.02777777777778,0,Medium (中活躍),1.8743836496166493,1.2889203719761748
189551,Group 1 (Initial),202.0,19.0,10.63157894736842,1,Low (低活躍),0.3506209784721263,0.4501855611334194
75906,Group 1 (Initial),0.0,0.0,0.0,1,Low (低活躍),-0.4360896121782192,-0.5790525785755595
75939,Group 1 (Initial),0.0,0.0,0.0,1,Low (低活躍),-0.4360896121782192,-0.5790525785755595
178146,Group 1 (Initial),7.0,1.0,7.0,1,Low (低活躍),-0.2961862955373607,-0.5719246634333262
27736,Group 1 (Initial),154.0,13.0,11.846153846153848,1,Low (低活躍),0.2009392487500745,0.0897290801765725
228994,Group 1 (Initial),332.0,11.0,30.181818181818183,1,Low (低活躍),0.7456732891747521,-0.1840588187886305
230454,Group 1 (Initial),985.0,41.0,24.02439024390244,0,Medium (中活躍),2.14101839319481,1.5729860220367091
2865,Group 1 (Initial),38.0,5.0,7.6,1,Low (低活躍),-0.1751608057372354,-0.3418944697110637
72906,Group 1 (Initial),409.0,29.0,14.10344827586207,0,Medium (中活躍),0.8883689256887901,0.9963546084201342
13063,Group 1 (Initial),171.0,15.0,11.4,1,Low (低活躍),0.2517347938126176,0.2100744162800814
75415,Group 1 (Initial),168.0,9.0,18.666666666666668,1,Low (低活躍),0.2706066766582924,-0.1999638123103343
209440,Group 1 (Initial),0.0,0.0,0.0,1,Low (低活躍),-0.4360896121782192,-0.5790525785755595
88415,Group 1 (Initial),50.0,4.0,12.5,1,Low (低活躍),-0.0927121759203633,-0.4387976898838536
75208,Group 1 (Initial),549.0,9.0,61.0,1,Low (低活躍),1.5535785523136731,-0.5541341864082215
122366,Group 1 (Initial),0.0,0.0,0.0,1,Low (低活躍),-0.4360896121782192,-0.5790525785755595
89348,Group 1 (Initial),640.0,88.0,7.272727272727272,0,Medium (中活躍),2.064646196629102,4.5299407811333685
241840,Group 1 (Initial),358.0,43.0,8.325581395348838,0,Medium (中活躍),0.9341300880073058,1.8772065830767704
14637,Group 1 (Initial),196.0,32.0,6.125,0,Medium (中活躍),0.4719244072749978,1.2572020943063065
193572,Group 1 (Initial),155.0,7.0,22.142857142857142,1,Low (低活躍),0.2751122323290197,-0.3430751395086255
466,Group 1 (Initial),69.0,9.0,7.666666666666667,1,Low (低活躍),-0.0627639681970426,-0.1079352899069462
243817,Group 1 (Initial),0.0,0.0,0.0,1,Low (低活躍),-0.4360896121782192,-0.5790525785755595
52537,Group 1 (Initial),3408.0,22.0,154.9090909090909,0,Medium (中活躍),7.764439442992042,-0.7902671186872198
183584,Group 1 (Initial),59.0,5.0,11.8,1,Low (低活躍),-0.0742455375551271,-0.3751671227194872
238715,Group 1 (Initial),502.0,26.0,19.307692307692307,0,Medium (中活躍),1.0715610384986332,0.7692693381060749
249749,Group 1 (Initial),206.0,8.0,25.75,1,Low (低活躍),0.4291922051172924,-0.3158384182061559
52089,Group 1 (Initial),399.0,4.0,99.75,1,Low (低活躍),1.8667221876167277,-1.1203090080085862
75371,Group 1 (Initial),0.0,0.0,0.0,1,Low (低活躍),-0.4360896121782192,-0.5790525785755595
228997,Group 1 (Initial),204.0,9.0,22.666666666666668,1,Low (低活躍),0.3918323656965962,-0.2334287295479299
51985,Group 1 (Initial),206.0,21.0,9.80952380952381,1,Low (低活躍),0.3749282439392943,0.5747436547306551
18127,Group 1 (Initial),353.0,41.0,8.609756097560975,0,Medium (中活躍),0.899550859608134,1.7567220156443
170642,Group 1 (Initial),1140.0,27.0,42.22222222222222,0,Medium (中活躍),2.459449819518671,0.5890896453163091
70075,Group 1 (Initial),65.0,7.0,9.285714285714286,1,Low (低活躍),-0.0741769130878075,-0.2383647066904129
52202,Group 1 (Initial),7508.0,14.0,536.2857142857143,2,High (高活躍),20.245265715658707,-4.53086960115488
121450,Group 1 (Initial),0.0,0.0,0.0,1,Low (低活躍),-0.4360896121782192,-0.5790525785755595
238943,Group 1 (Initial),845.0,36.0,23.47222222222222,0,Medium (中活躍),1.8340005829076595,1.295233911157931
166039,Group 1 (Initial),0.0,0.0,0.0,1,Low (低活躍),-0.4360896121782192,-0.5790525785755595
238999,Group 1 (Initial),803.0,43.0,18.67441860465116,0,Medium (中活躍),1.8000973002502507,1.7515544540697348
129597,Group 1 (Initial),475.0,21.0,22.61904761904762,0,Medium (中活躍),1.004431215056235,0.4505074583900903
61047,Group 1 (Initial),0.0,0.0,0.0,1,Low (低活躍),-0.4360896121782192,-0.5790525785755595
239765,Group 1 (Initial),1130.0,44.0,25.681818181818183,0,Medium (中活躍),2.4424385289452823,1.723094332101182
170169,Group 1 (Initial),787.0,34.0,23.147058823529413,0,Medium (中活躍),1.7063665908986594,1.1851234856141597
75595,Group 1 (Initial),0.0,0.0,0.0,1,Low (低活躍),-0.4360896121782192,-0.5790525785755595
73206,Group 1 (Initial),3219.0,14.0,229.92857142857144,0,Medium (中活躍),8.556164790783592,-1.7977225346701449
178282,Group 1 (Initial),88.0,7.0,12.571428571428571,1,Low (低活躍),0.0150858685187149,-0.2651240395217339
179767,Group 1 (Initial),878.0,86.0,10.209302325581396,0,Medium (中活躍),2.454427299104037,4.3629331101263285
2475,Group 1 (Initial),182.0,4.0,45.5,1,Low (低活躍),0.64839193865527,-0.6965612829854717
158918,Group 1 (Initial),96.0,6.0,16.0,1,Low (低活躍),0.067449685628425,-0.3507432986672506
238446,Group 1 (Initial),456.0,92.0,4.956521739130435,0,Medium (中活躍),1.800996166757645,4.8053283078678986
3276,Group 1 (Initial),140.0,8.0,17.5,1,Low (低活躍),0.1921146124753096,-0.2477331251090421
244127,Group 1 (Initial),450.0,15.0,30.0,1,Low (低活躍),0.9906177188160362,0.0420702340918451
77526,Group 1 (Initial),142.0,13.0,10.923076923076923,1,Low (低活躍),0.1671681105526394,0.097861755603062
51970,Group 1 (Initial),1413.0,41.0,34.46341463414634,0,Medium (中活躍),2.981759064674395,1.4485572162391631
80433,Group 1 (Initial),16.0,1.0,16.0,1,Low (低活躍),-0.1364500893787944,-0.6392256839705509
141346,Group 1 (Initial),0.0,0.0,0.0,1,Low (低活躍),-0.4360896121782192,-0.5790525785755595
125252,Group 1 (Initial),0.0,0.0,0.0,1,Low (低活躍),-0.4360896121782192,-0.5790525785755595
94080,Group 1 (Initial),226.0,17.0,13.294117647058824,1,Low (低活躍),0.4000432288950607,0.3089597197416435
251097,Group 1 (Initial),26.0,2.0,13.0,1,Low (低活躍),-0.1536247695209401,-0.558762406595509
76158,Group 1 (Initial),0.0,0.0,0.0,1,Low (低活躍),-0.4360896121782192,-0.5790525785755595
147236,Group 1 (Initial),0.0,0.0,0.0,1,Low (低活躍),-0.4360896121782192,-0.5790525785755595
6622,Group 1 (Initial),116.0,14.0,8.285714285714286,1,Low (低活躍),0.0993496427566671,0.1796510599444813
132515,Group 1 (Initial),324.0,23.0,14.08695652173913,0,Medium (中活躍),0.660689568157954,0.6490757733763812
87937,Group 1 (Initial),0.0,0.0,0.0,1,Low (低活躍),-0.4360896121782192,-0.5790525785755595
98073,Group 1 (Initial),18.0,4.0,4.5,1,Low (低活躍),-0.2723737794538501,-0.3763095461016432
228921,Group 1 (Initial),216.0,15.0,14.4,1,Low (低活躍),0.3709094591357496,0.1829769675400433
86496,Group 1 (Initial),0.0,0.0,0.0,1,Low (低活躍),-0.4360896121782192,-0.5790525785755595
88026,Group 1 (Initial),3.0,1.0,3.0,1,Low (低活躍),-0.367180164941168,-0.5420130987501153
183651,Group 1 (Initial),0.0,0.0,0.0,1,Low (低活躍),-0.4360896121782192,-0.5790525785755595
178381,Group 1 (Initial),0.0,0.0,0.0,1,Low (低活躍),-0.4360896121782192,-0.5790525785755595
75110,Group 1 (Initial),69.0,4.0,17.25,1,Low (低活躍),0.0139619011776445,-0.4759000252545411
2766,Group 1 (Initial),37.0,5.0,7.4,1,Low (低活躍),-0.1799662946982881,-0.3403100576630436
77402,Group 1 (Initial),611.0,71.0,8.605633802816902,0,Medium (中活躍),1.7743995674723954,3.5122980791326603
88271,Group 1 (Initial),15.0,7.0,2.142857142857143,1,Low (低活躍),-0.2682264383193782,-0.1801922440136281
184449,Group 1 (Initial),23.0,5.0,4.6,1,Low (低活躍),-0.2472431401530269,-0.3181282889907613
1016,Group 1 (Initial),535.0,25.0,21.4,0,Medium (中活躍),1.1415494238707091,0.6907180753176972
75272,Group 1 (Initial),11.0,1.0,11.0,1,Low (低活躍),-0.2251924261335535,-0.6018362281165371
56500,Group 1 (Initial),861.0,34.0,25.323529411764707,0,Medium (中活躍),1.8577401885406573,1.1608726278657515
75816,Group 1 (Initial),1486.0,24.0,61.91666666666666,0,Medium (中活躍),3.274220194820966,0.2271635643482993
13020,Group 1 (Initial),2383.0,22.0,108.3181818181818,0,Medium (中活躍),5.4016700584128445,-0.3332206071311685
13053,Group 1 (Initial),384.0,44.0,8.727272727272727,0,Medium (中活躍),0.9971063394301556,1.9308334381160648
194425,Group 1 (Initial),17.0,1.0,17.0,1,Low (低活躍),-0.1187016220278426,-0.6467035751413537
75066,Group 1 (Initial),40.0,5.0,8.0,1,Low (低活躍),-0.1655498278151298,-0.3450632938071041
14737,Group 1 (Initial),6905.0,19.0,363.42105263157896,2,High (高活躍),16.580300615133794,-2.893077504112032
170744,Group 1 (Initial),472.0,29.0,16.275862068965516,0,Medium (中活躍),1.0224097015667757,0.9733551014090642
88959,Group 1 (Initial),125.0,15.0,8.333333333333334,1,Low (低活躍),0.129911802593416,0.2377740305476759
70178,Group 1 (Initial),141.0,8.0,17.625,1,Low (低活躍),0.1957066972123093,-0.2487650234893014
216161,Group 1 (Initial),0.0,0.0,0.0,1,Low (低活躍),-0.4360896121782192,-0.5790525785755595
170372,Group 1 (Initial),441.0,19.0,23.210526315789476,0,Medium (中活躍),0.9293011863137104,0.3309792546148959
39073,Group 1 (Initial),6962.0,55.0,126.58181818181818,2,High (高活躍),13.401925303784424,0.9863854614199974
93701,Group 1 (Initial),93.0,12.0,7.75,1,Low (低活躍),0.0232502589970311,0.0672052516155325
13295,Group 1 (Initial),326.0,27.0,12.074074074074074,0,Medium (中活躍),0.6939193700949728,0.9015749030455537
51593,Group 1 (Initial),163.0,21.0,7.761904761904762,1,Low (低活躍),0.274301374950341,0.5946029723613031
76422,Group 1 (Initial),0.0,0.0,0.0,1,Low (低活躍),-0.4360896121782192,-0.5790525785755595
93893,Group 1 (Initial),127.0,24.0,5.291666666666667,1,Low (低活躍),0.2248174155584046,0.7952178248017779
127846,Group 1 (Initial),0.0,0.0,0.0,1,Low (低活躍),-0.4360896121782192,-0.5790525785755595
94078,Group 1 (Initial),191.0,22.0,8.681818181818182,1,Low (低活躍),0.348801286707868,0.6441900790452849
228998,Group 1 (Initial),109.0,10.0,10.9,1,Low (低活躍),0.0680010558561155,-0.076723305383321
178344,Group 1 (Initial),22.0,4.0,5.5,1,Low (低活躍),-0.2499160790121642,-0.3841205640744195
184411,Group 1 (Initial),7.0,1.0,7.0,1,Low (低活躍),-0.2961862955373607,-0.5719246634333262
75855,Group 1 (Initial),102.0,13.0,7.846153846153846,1,Low (低活躍),0.0545976498945226,0.1249706736913605
167466,Group 1 (Initial),443.0,5.0,88.6,1,Low (低活躍),1.7710622234891378,-0.9835813491592308
113961,Group 1 (Initial),609.0,60.0,10.15,0,Medium (中活躍),1.6239414546143758,2.8469383645246458
184828,Group 1 (Initial),706.0,41.0,17.21951219512195,0,Medium (中活躍),1.592965478842464,1.6540973230122122
93845,Group 1 (Initial),142.0,18.0,7.888888888888889,1,Low (低活躍),0.1963990487768854,0.4175799270849287
170382,Group 1 (Initial),463.0,31.0,14.935483870967742,0,Medium (中活躍),1.0179244850992435,1.1031751521488558
13877,Group 1 (Initial),2221.0,14.0,158.64285714285714,0,Medium (中活躍),5.836248091547089,-1.1617512657608968
184349,Group 1 (Initial),0.0,0.0,0.0,1,Low (低活躍),-0.4360896121782192,-0.5790525785755595
240896,Group 1 (Initial),867.0,20.0,43.35,0,Medium (中活躍),1.9395072962304865,0.1947839424453474
27279,Group 1 (Initial),167.0,22.0,7.590909090909091,1,Low (低活躍),0.2934779059957697,0.6548916559012314
215864,Group 1 (Initial),3.0,1.0,3.0,1,Low (低活躍),-0.367180164941168,-0.5420130987501153
178455,Group 1 (Initial),100.0,10.0,10.0,1,Low (低活躍),0.0393125058952769,-0.0690937609642699
229501,Group 1 (Initial),27.0,7.0,3.857142857142857,1,Low (低活躍),-0.2216545522638012,-0.1941536350560564
230630,Group 1 (Initial),1359.0,58.0,23.43103448275862,0,Medium (中活躍),2.9847918148118056,2.546870983039184
180923,Group 1 (Initial),209.0,23.0,9.08695652173913,0,Medium (中活躍),0.3992753514096134,0.6986798786360922
229499,Group 1 (Initial),0.0,0.0,0.0,1,Low (低活躍),-0.4360896121782192,-0.5790525785755595
76576,Group 1 (Initial),312.0,20.0,15.6,1,Low (低活躍),0.6193396115450659,0.4608424578819772
121277,Group 1 (Initial),0.0,0.0,0.0,1,Low (低活躍),-0.4360896121782192,-0.5790525785755595
73123,Group 1 (Initial),385.0,22.0,17.5,0,Medium (中活躍),0.7959986141306624,0.5576856661263834
52022,Group 1 (Initial),532.0,35.0,15.2,0,Medium (中活躍),1.1931725601002146,1.3314571986997594
125019,Group 1 (Initial),0.0,0.0,0.0,1,Low (低活躍),-0.4360896121782192,-0.5790525785755595
131251,Group 1 (Initial),667.0,14.0,47.642857142857146,1,Low (低活躍),1.601027098948364,-0.1714713540525083
251838,Group 1 (Initial),119.0,8.0,14.875,1,Low (低活躍),0.1166808329983151,-0.2260632591235969
88805,Group 1 (Initial),517.0,74.0,6.986486486486487,0,Medium (中活躍),1.6476399969419897,3.713083525906601
252712,Group 1 (Initial),65.0,8.0,8.125,1,Low (低活躍),-0.0772917427996707,-0.1703407465895947
239275,Group 1 (Initial),692.0,37.0,18.7027027027027,0,Medium (中活躍),1.5323290053752403,1.4068328610389251
79967,Group 1 (Initial),0.0,0.0,0.0,1,Low (低活躍),-0.4360896121782192,-0.5790525785755595
142561,Group 1 (Initial),0.0,0.0,0.0,1,Low (低活躍),-0.4360896121782192,-0.5790525785755595
76268,Group 1 (Initial),0.0,0.0,0.0,1,Low (低活躍),-0.4360896121782192,-0.5790525785755595
2472,Group 1 (Initial),45.0,3.0,15.0,1,Low (低活躍),-0.0757781354540145,-0.516132754143779
170471,Group 1 (Initial),810.0,39.0,20.76923076923077,0,Medium (中活躍),1.7823207157798284,1.4974523801494273
75825,Group 1 (Initial),6439.0,5.0,1287.8,2,High (高活躍),30.58477403396157,-10.48371598908814
239702,Group 1 (Initial),518.0,22.0,23.545454545454547,0,Medium (中活躍),1.1025823489102071,0.4983810943830128
75938,Group 1 (Initial),0.0,0.0,0.0,1,Low (低活躍),-0.4360896121782192,-0.5790525785755595
87839,Group 1 (Initial),0.0,0.0,0.0,1,Low (低活躍),-0.4360896121782192,-0.5790525785755595
52229,Group 1 (Initial),1762.0,17.0,103.6470588235294,0,Medium (中活躍),4.272965777739486,-0.5272176685007357
75473,Group 1 (Initial),0.0,0.0,0.0,1,Low (低活躍),-0.4360896121782192,-0.5790525785755595
228743,Group 1 (Initial),3.0,1.0,3.0,1,Low (低活躍),-0.367180164941168,-0.5420130987501153
129227,Group 1 (Initial),207.0,18.0,11.5,1,Low (低活躍),0.3568555987527505,0.383759669779608
70078,Group 1 (Initial),82.0,9.0,9.11111111111111,1,Low (低活躍),-0.0189880249332107,-0.1200198433538558
228745,Group 1 (Initial),35.0,4.0,8.75,1,Low (低活躍),-0.1769285525766852,-0.4095063724859425
165765,Group 1 (Initial),252.0,11.0,22.90909090909091,1,Low (低活躍),0.502430300180338,-0.1215983544682818
93867,Group 1 (Initial),133.0,11.0,12.090909090909092,1,Low (低活躍),0.1406063540511468,-0.028688413791763
164256,Group 1 (Initial),1425.0,13.0,109.6153846153846,0,Medium (中活躍),3.777865636161737,-0.7716567920791108
70359,Group 1 (Initial),276.0,6.0,46.0,1,Low (低活躍),0.8353653606936816,-0.5917363738900111
229016,Group 1 (Initial),9.0,1.0,9.0,1,Low (低活躍),-0.2606893608354571,-0.5868804457749317
251092,Group 1 (Initial),5.0,1.0,5.0,1,Low (低活躍),-0.3316832302392644,-0.5569688810917207
70502,Group 1 (Initial),93.0,8.0,11.625,1,Low (低活躍),0.0232866298363219,-0.1992339012368551
130064,Group 1 (Initial),0.0,0.0,0.0,1,Low (低活躍),-0.4360896121782192,-0.5790525785755595
75072,Group 1 (Initial),0.0,0.0,0.0,1,Low (低活躍),-0.4360896121782192,-0.5790525785755595
177942,Group 1 (Initial),49.0,7.0,7.0,1,Low (低活躍),-0.1362727611619101,-0.2197495186338418
80753,Group 1 (Initial),0.0,0.0,0.0,1,Low (低活躍),-0.4360896121782192,-0.5790525785755595
80291,Group 1 (Initial),0.0,0.0,0.0,1,Low (低活躍),-0.4360896121782192,-0.5790525785755595
89352,Group 1 (Initial),219.0,14.0,15.642857142857142,1,Low (低活躍),0.3800624884694525,0.1140147466201801
98589,Group 1 (Initial),9.0,1.0,9.0,1,Low (低活躍),-0.2606893608354571,-0.5868804457749317
141726,Group 1 (Initial),22.0,3.0,7.333333333333333,1,Low (低活躍),-0.2359191320528413,-0.4570996070686486
27845,Group 1 (Initial),201.0,21.0,9.571428571428571,1,Low (低活躍),0.3632274452196486,0.5770528777109631
122013,Group 1 (Initial),0.0,0.0,0.0,1,Low (低活躍),-0.4360896121782192,-0.5790525785755595
98492,Group 1 (Initial),29.0,3.0,9.666666666666666,1,Low (低活躍),-0.1871805678705896,-0.4750662170480361
51787,Group 1 (Initial),667.0,45.0,14.822222222222225,0,Medium (中活躍),1.5556165390077508,1.9139810577974536
76036,Group 1 (Initial),0.0,0.0,0.0,1,Low (低活躍),-0.4360896121782192,-0.5790525785755595
239005,Group 1 (Initial),633.0,28.0,22.607142857142858,0,Medium (中活躍),1.361906536945843,0.8493625540999667
180313,Group 1 (Initial),859.0,42.0,20.452380952380956,0,Medium (中活躍),1.9011040997323247,1.6727649537899103
75936,Group 1 (Initial),0.0,0.0,0.0,1,Low (低活躍),-0.4360896121782192,-0.5790525785755595
147132,Group 1 (Initial),0.0,0.0,0.0,1,Low (低活躍),-0.4360896121782192,-0.5790525785755595
75170,Group 1 (Initial),0.0,0.0,0.0,1,Low (低活躍),-0.4360896121782192,-0.5790525785755595
75725,Group 1 (Initial),0.0,0.0,0.0,1,Low (低活躍),-0.4360896121782192,-0.5790525785755595
75493,Group 1 (Initial),0.0,0.0,0.0,1,Low (低活躍),-0.4360896121782192,-0.5790525785755595
189828,Group 1 (Initial),41.0,7.0,5.857142857142857,1,Low (低活躍),-0.1673206851989614,-0.2104419246055562
2784,Group 1 (Initial),0.0,0.0,0.0,1,Low (低活躍),-0.4360896121782192,-0.5790525785755595
124902,Group 1 (Initial),0.0,0.0,0.0,1,Low (低活躍),-0.4360896121782192,-0.5790525785755595
52398,Group 1 (Initial),634.0,12.0,52.833333333333336,1,Low (低活躍),1.601872721040172,-0.3249907197388433
80289,Group 1 (Initial),144.0,12.0,12.0,1,Low (低活躍),0.1720667942358485,0.0302329881421994
84244,Group 1 (Initial),0.0,0.0,0.0,1,Low (低活躍),-0.4360896121782192,-0.5790525785755595
51515,Group 1 (Initial),271.0,22.0,12.318181818181818,0,Medium (中活躍),0.5332125557481956,0.6085181561921296
52814,Group 1 (Initial),651.0,36.0,18.08333333333333,0,Medium (中活躍),1.442284835830455,1.356475241220965
86469,Group 1 (Initial),0.0,0.0,0.0,1,Low (低活躍),-0.4360896121782192,-0.5790525785755595
252831,Group 1 (Initial),39.0,5.0,7.8,1,Low (低活躍),-0.1703553167761826,-0.3434788817590839
93898,Group 1 (Initial),185.0,15.0,12.333333333333334,1,Low (低活躍),0.288811356357592,0.2016440988942918
93753,Group 1 (Initial),412.0,16.0,25.75,1,Low (低活躍),0.8778719054879287,0.1370721014278117
230106,Group 1 (Initial),4.0,1.0,4.0,1,Low (低活躍),-0.3494316975902162,-0.549490989920918
2068,Group 1 (Initial),21.0,3.0,7.0,1,Low (低活躍),-0.2428817840788772,-0.4545329485001647
121630,Group 1 (Initial),0.0,0.0,0.0,1,Low (低活躍),-0.4360896121782192,-0.5790525785755595
94149,Group 1 (Initial),311.0,32.0,9.71875,0,Medium (中活躍),0.710587294822344,1.2179576203171116
230963,Group 1 (Initial),0.0,0.0,0.0,1,Low (低活躍),-0.4360896121782192,-0.5790525785755595
229503,Group 1 (Initial),103.0,23.0,4.478260869565218,1,Low (低活躍),0.1583196385807082,0.7444019234841737
93669,Group 1 (Initial),231.0,22.0,10.5,1,Low (低活躍),0.4410069212280318,0.6263541176187072
80095,Group 1 (Initial),0.0,0.0,0.0,1,Low (低活躍),-0.4360896121782192,-0.5790525785755595
14047,Group 1 (Initial),216.0,12.0,18.0,1,Low (低活躍),0.3821607263377083,-0.0219631485260353
170622,Group 1 (Initial),638.0,42.0,15.19047619047619,0,Medium (中活躍),1.4690596958527835,1.7360689521940746
94092,Group 1 (Initial),175.0,20.0,8.75,1,Low (低活躍),0.2934603812713675,0.5265181634942625
170743,Group 1 (Initial),618.0,30.0,20.6,0,Medium (中活躍),1.337215453578764,0.9847608129418064
252023,Group 1 (Initial),130.0,15.0,8.666666666666666,1,Low (低活躍),0.143153432073764,0.234763202909894
98330,Group 1 (Initial),0.0,0.0,0.0,1,Low (低活躍),-0.4360896121782192,-0.5790525785755595
87196,Group 1 (Initial),0.0,0.0,0.0,1,Low (低活躍),-0.4360896121782192,-0.5790525785755595
93778,Group 1 (Initial),259.0,18.0,14.38888888888889,1,Low (低活躍),0.4852208387334427,0.3567034639353513
51943,Group 1 (Initial),257.0,22.0,11.681818181818182,0,Medium (中活躍),0.5009405836661383,0.6147607426914318
147021,Group 1 (Initial),0.0,0.0,0.0,1,Low (低活躍),-0.4360896121782192,-0.5790525785755595
14940,Group 1 (Initial),1218.0,24.0,50.75,0,Medium (中活躍),2.672866298689718,0.3391860380801111
169038,Group 1 (Initial),20.0,2.0,10.0,1,Low (低活躍),-0.2115794046645295,-0.5359956062811273
169177,Group 1 (Initial),630.0,40.0,15.75,0,Medium (中活躍),1.4342260312948938,1.6138890562943056
75777,Group 1 (Initial),120.0,10.0,12.0,1,Low (低活躍),0.1030648391415848,-0.0860483041177167
72784,Group 1 (Initial),3.0,1.0,3.0,1,Low (低活躍),-0.367180164941168,-0.5420130987501153
183928,Group 1 (Initial),28.0,5.0,5.6,1,Low (低活躍),-0.2232156953477631,-0.3260503492308621
168571,Group 1 (Initial),13.0,1.0,13.0,1,Low (低活躍),-0.1896954914316499,-0.6167920104581426
87645,Group 1 (Initial),54.0,4.0,13.5,1,Low (低活躍),-0.0702544754786774,-0.44660870785663
170839,Group 1 (Initial),858.0,35.0,24.51428571428572,0,Medium (中活躍),1.8556024710233283,1.226640484050997
73324,Group 1 (Initial),0.0,0.0,0.0,1,Low (低活躍),-0.4360896121782192,-0.5790525785755595
78205,Group 1 (Initial),179.0,17.0,10.529411764705882,1,Low (低活躍),0.2815358331947429,0.3345458768037476
75497,Group 1 (Initial),37.0,4.0,9.25,1,Low (低活躍),-0.1656997023558423,-0.4134118814723307
60374,Group 1 (Initial),8.0,1.0,8.0,1,Low (低活躍),-0.278437828186409,-0.5794025546041289
75112,Group 1 (Initial),175.0,11.0,15.909090909090908,1,Low (低活躍),0.2683089232732142,-0.0614801575599461
240765,Group 1 (Initial),372.0,18.0,20.666666666666668,1,Low (低活躍),0.7641683794607159,0.2979082473891782
76666,Group 1 (Initial),0.0,0.0,0.0,1,Low (低活躍),-0.4360896121782192,-0.5790525785755595
86372,Group 1 (Initial),165.0,10.0,16.5,1,Low (低活躍),0.2465075889457775,-0.1241960262129722
78872,Group 1 (Initial),145.0,12.0,12.083333333333334,1,Low (低活躍),0.174984765515041,0.029508041799585
212842,Group 1 (Initial),0.0,0.0,0.0,1,Low (低活躍),-0.4360896121782192,-0.5790525785755595
29231,Group 1 (Initial),197.0,19.0,10.36842105263158,1,Low (低活躍),0.3385146979733484,0.4526794169183257
75069,Group 1 (Initial),425.0,8.0,53.125,1,Low (低活躍),1.2158587625202353,-0.5418241634829424
80086,Group 1 (Initial),0.0,0.0,0.0,1,Low (低活躍),-0.4360896121782192,-0.5790525785755595
184409,Group 1 (Initial),0.0,0.0,0.0,1,Low (低活躍),-0.4360896121782192,-0.5790525785755595
79251,Group 1 (Initial),70.0,5.0,14.0,1,Low (低活躍),-0.0213851589835466,-0.392595655247709
121691,Group 1 (Initial),0.0,0.0,0.0,1,Low (低活躍),-0.4360896121782192,-0.5790525785755595
241568,Group 1 (Initial),639.0,37.0,17.27027027027027,0,Medium (中活躍),1.4259576265831515,1.4232706145012963
34771,Group 1 (Initial),301.0,28.0,10.75,0,Medium (中活躍),0.6489179785305104,0.9735783667072352
72823,Group 1 (Initial),0.0,0.0,0.0,1,Low (低活躍),-0.4360896121782192,-0.5790525785755595
52983,Group 1 (Initial),373.0,30.0,12.433333333333334,0,Medium (中活躍),0.8205018467719312,1.0721287678147198
26970,Group 1 (Initial),713.0,32.0,22.28125,0,Medium (中活躍),1.5448697365095887,1.080772589502709
13107,Group 1 (Initial),147.0,20.0,7.35,1,Low (低活躍),0.2268573269088598,0.5399409354442186
146871,Group 1 (Initial),0.0,0.0,0.0,1,Low (低活躍),-0.4360896121782192,-0.5790525785755595
178311,Group 1 (Initial),28.0,5.0,5.6,1,Low (低活躍),-0.2232156953477631,-0.3260503492308621
70332,Group 1 (Initial),5.0,1.0,5.0,1,Low (低活躍),-0.3316832302392644,-0.5569688810917207
70065,Group 1 (Initial),11.0,3.0,3.6666666666666665,1,Low (低活躍),-0.3125083043392367,-0.4288663628153255
88399,Group 1 (Initial),0.0,0.0,0.0,1,Low (低活躍),-0.4360896121782192,-0.5790525785755595
75060,Group 1 (Initial),0.0,0.0,0.0,1,Low (低活躍),-0.4360896121782192,-0.5790525785755595
80909,Group 1 (Initial),76.0,6.0,12.666666666666666,1,Low (低活躍),-0.0178742782677145,-0.3239662903091661
51408,Group 1 (Initial),503.0,35.0,14.371428571428572,0,Medium (中活躍),1.134244745938343,1.3407813849721957
140228,Group 1 (Initial),34.0,3.0,11.333333333333334,1,Low (低活躍),-0.1523673077404099,-0.4878995098904558
79913,Group 1 (Initial),0.0,0.0,0.0,1,Low (低活躍),-0.4360896121782192,-0.5790525785755595
75413,Group 1 (Initial),286.0,28.0,10.214285714285714,0,Medium (中活躍),0.6167046400478898,0.9791905269153952
88836,Group 1 (Initial),142.0,18.0,7.888888888888889,1,Low (低活躍),0.1963990487768854,0.4175799270849287
75257,Group 1 (Initial),5.0,1.0,5.0,1,Low (低活躍),-0.3316832302392644,-0.5569688810917207
70334,Group 1 (Initial),26.0,6.0,4.333333333333333,1,Low (低活躍),-0.2311841880080636,-0.2570237694139549
75484,Group 1 (Initial),0.0,0.0,0.0,1,Low (低活躍),-0.4360896121782192,-0.5790525785755595
231,Group 1 (Initial),0.0,0.0,0.0,1,Low (低活躍),-0.4360896121782192,-0.5790525785755595
180502,Group 1 (Initial),710.0,38.0,18.68421052631579,0,Medium (中活躍),1.575949269304643,1.4644434826342754
80745,Group 1 (Initial),0.0,0.0,0.0,1,Low (低活躍),-0.4360896121782192,-0.5790525785755595
242894,Group 1 (Initial),578.0,33.0,17.515151515151516,0,Medium (中活躍),1.271508905493847,1.1903475763263471
6792,Group 1 (Initial),492.0,48.0,10.25,0,Medium (中活躍),1.2539306941641375,2.145515784857039
93668,Group 1 (Initial),81.0,14.0,5.785714285714286,1,Low (低活躍),0.0039617825630021,0.2019546615595351
122334,Group 1 (Initial),0.0,0.0,0.0,1,Low (低活躍),-0.4360896121782192,-0.5790525785755595
